gpu,kernel,variant,n,bytes,median_ms,min_ms,gbps,peak_gbps,pct_of_peak
NVIDIA GeForce RTX 4050 Laptop GPU,copy,cudaMemcpy,1048576,8388608,0.016384,0.01536,512,192.024,266.63334
NVIDIA GeForce RTX 4050 Laptop GPU,copy,copy,1048576,8388608,0.0152,0.014336,551.8821,192.024,287.40267
NVIDIA GeForce RTX 4050 Laptop GPU,copy,cudaMemcpy,2097152,16777216,0.019455999,0.018144,862.31583,192.024,449.06669
NVIDIA GeForce RTX 4050 Laptop GPU,copy,copy,2097152,16777216,0.026416,0.025599999,635.11569,192.024,330.74808
NVIDIA GeForce RTX 4050 Laptop GPU,copy,cudaMemcpy,4194304,33554432,0.212304,0.197632,158.04898,192.024,82.306891
NVIDIA GeForce RTX 4050 Laptop GPU,copy,copy,4194304,33554432,0.212992,0.20275199,157.53846,192.024,82.041028
NVIDIA GeForce RTX 4050 Laptop GPU,copy,cudaMemcpy,8388608,67108864,0.45158401,0.442368,148.60771,192.024,77.390173
NVIDIA GeForce RTX 4050 Laptop GPU,copy,copy,8388608,67108864,0.45158401,0.44332799,148.60771,192.024,77.390173
NVIDIA GeForce RTX 4050 Laptop GPU,copy,cudaMemcpy,16777216,134217728,0.79158401,0.78320003,169.55588,192.024,88.299319
NVIDIA GeForce RTX 4050 Laptop GPU,copy,copy,16777216,134217728,0.790528,0.78131199,169.78238,192.024,88.417273
NVIDIA GeForce RTX 4050 Laptop GPU,copy,cudaMemcpy,33554432,268435456,1.584128,1.569792,169.45313,192.024,88.245809
NVIDIA GeForce RTX 4050 Laptop GPU,copy,copy,33554432,268435456,1.5728,1.560576,170.67361,192.024,88.881393
NVIDIA GeForce RTX 4050 Laptop GPU,copy,cudaMemcpy,67108864,536870912,3.16416,3.1407039,169.67249,192.024,88.360044
NVIDIA GeForce RTX 4050 Laptop GPU,copy,copy,67108864,536870912,3.1323841,3.105792,171.39371,192.024,89.256398
NVIDIA GeForce RTX 4050 Laptop GPU,copy,cudaMemcpy,134217728,1073741824,6.33024,6.2941761,169.62103,192.024,88.333244
NVIDIA GeForce RTX 4050 Laptop GPU,copy,copy,134217728,1073741824,6.07232,6.042624,176.82563,192.024,92.085173
NVIDIA GeForce RTX 4050 Laptop GPU,copy,cudaMemcpy,268435456,2147483648,12.647424,12.561408,169.79613,192.024,88.424433
NVIDIA GeForce RTX 4050 Laptop GPU,copy,copy,268435456,2147483648,12.435968,12.370944,172.68327,192.024,89.927964
